{
  "timestamp": "20260417_130028",
  "fine_tuned": {
    "rouge1": 0.4742070785048567,
    "rouge2": 0.2145811840132842,
    "rougeL": 0.3906766170862477
  },
  "baseline": {
    "rouge1": 0.3116977152089181,
    "rouge2": 0.10054731526029625,
    "rougeL": 0.2376061252026621
  }
}